{
  "Update Booking" : {
    "transaction" : "Update Booking",
    "sampleCount" : 500,
    "errorCount" : 0,
    "errorPct" : 0.0,
    "meanResTime" : 278.1920000000004,
    "medianResTime" : 277.0,
    "minResTime" : 269.0,
    "maxResTime" : 310.0,
    "pct1ResTime" : 285.0,
    "pct2ResTime" : 288.0,
    "pct3ResTime" : 294.0,
    "throughput" : 52.537564358516335,
    "receivedKBytesPerSec" : 46.87212685194915,
    "sentKBytesPerSec" : 26.525313255227488
  },
  "Delete Booking" : {
    "transaction" : "Delete Booking",
    "sampleCount" : 500,
    "errorCount" : 0,
    "errorPct" : 0.0,
    "meanResTime" : 279.56200000000007,
    "medianResTime" : 279.0,
    "minResTime" : 269.0,
    "maxResTime" : 313.0,
    "pct1ResTime" : 287.0,
    "pct2ResTime" : 290.0,
    "pct3ResTime" : 298.98,
    "throughput" : 52.36150382238978,
    "receivedKBytesPerSec" : 38.26807780919468,
    "sentKBytesPerSec" : 14.368732982511258
  },
  "Total" : {
    "transaction" : "Total",
    "sampleCount" : 3500,
    "errorCount" : 0,
    "errorPct" : 0.0,
    "meanResTime" : 400.9225714285718,
    "medianResTime" : 279.0,
    "minResTime" : 269.0,
    "maxResTime" : 2038.0,
    "pct1ResTime" : 1097.0,
    "pct2ResTime" : 1113.0,
    "pct3ResTime" : 1170.9399999999987,
    "throughput" : 276.9425542016142,
    "receivedKBytesPerSec" : 236.417760424909,
    "sentKBytesPerSec" : 83.80139509811679
  },
  "Create Token for Authentication" : {
    "transaction" : "Create Token for Authentication",
    "sampleCount" : 500,
    "errorCount" : 0,
    "errorPct" : 0.0,
    "meanResTime" : 1133.048000000001,
    "medianResTime" : 1105.0,
    "minResTime" : 1074.0,
    "maxResTime" : 2038.0,
    "pct1ResTime" : 1141.8000000000002,
    "pct2ResTime" : 1383.2499999999998,
    "pct3ResTime" : 1658.99,
    "throughput" : 45.71637560574197,
    "receivedKBytesPerSec" : 34.4619325454878,
    "sentKBytesPerSec" : 11.161224513120601
  },
  "Create Booking" : {
    "transaction" : "Create Booking",
    "sampleCount" : 500,
    "errorCount" : 0,
    "errorPct" : 0.0,
    "meanResTime" : 277.37800000000027,
    "medianResTime" : 277.0,
    "minResTime" : 269.0,
    "maxResTime" : 293.0,
    "pct1ResTime" : 284.0,
    "pct2ResTime" : 287.0,
    "pct3ResTime" : 291.0,
    "throughput" : 52.64820469621986,
    "receivedKBytesPerSec" : 48.45115562809308,
    "sentKBytesPerSec" : 23.907632015373277
  },
  "GET Booking" : {
    "transaction" : "GET Booking",
    "sampleCount" : 500,
    "errorCount" : 0,
    "errorPct" : 0.0,
    "meanResTime" : 278.914,
    "medianResTime" : 278.0,
    "minResTime" : 269.0,
    "maxResTime" : 315.0,
    "pct1ResTime" : 286.0,
    "pct2ResTime" : 292.95,
    "pct3ResTime" : 306.99,
    "throughput" : 52.60389268805891,
    "receivedKBytesPerSec" : 46.9251380852183,
    "sentKBytesPerSec" : 8.630326144134665
  },
  "GET Booking After Upadting" : {
    "transaction" : "GET Booking After Upadting",
    "sampleCount" : 500,
    "errorCount" : 0,
    "errorPct" : 0.0,
    "meanResTime" : 277.8420000000002,
    "medianResTime" : 277.0,
    "minResTime" : 269.0,
    "maxResTime" : 310.0,
    "pct1ResTime" : 284.0,
    "pct2ResTime" : 286.0,
    "pct3ResTime" : 295.99,
    "throughput" : 52.49895002099958,
    "receivedKBytesPerSec" : 46.84916067303654,
    "sentKBytesPerSec" : 7.946618411381773
  },
  "Partial Upadate Booking" : {
    "transaction" : "Partial Upadate Booking",
    "sampleCount" : 500,
    "errorCount" : 0,
    "errorPct" : 0.0,
    "meanResTime" : 281.52200000000033,
    "medianResTime" : 279.0,
    "minResTime" : 270.0,
    "maxResTime" : 313.0,
    "pct1ResTime" : 291.0,
    "pct2ResTime" : 305.0,
    "pct3ResTime" : 310.99,
    "throughput" : 52.43288590604027,
    "receivedKBytesPerSec" : 46.88319263842282,
    "sentKBytesPerSec" : 17.05092871749161
  }
}