{
  "Update Booking" : {
    "transaction" : "Update Booking",
    "sampleCount" : 2000,
    "errorCount" : 0,
    "errorPct" : 0.0,
    "meanResTime" : 666.8080000000008,
    "medianResTime" : 699.0,
    "minResTime" : 271.0,
    "maxResTime" : 1120.0,
    "pct1ResTime" : 919.0,
    "pct2ResTime" : 934.9499999999998,
    "pct3ResTime" : 966.99,
    "throughput" : 8.64539611043629,
    "receivedKBytesPerSec" : 8.000617571713562,
    "sentKBytesPerSec" : 4.364878132335078
  },
  "Delete Booking" : {
    "transaction" : "Delete Booking",
    "sampleCount" : 2000,
    "errorCount" : 72,
    "errorPct" : 3.6,
    "meanResTime" : 1022.5385000000007,
    "medianResTime" : 1074.0,
    "minResTime" : 270.0,
    "maxResTime" : 1641.0,
    "pct1ResTime" : 1538.0,
    "pct2ResTime" : 1587.9499999999998,
    "pct3ResTime" : 1625.0,
    "throughput" : 8.660108078148815,
    "receivedKBytesPerSec" : 6.329338091701885,
    "sentKBytesPerSec" : 2.3718547569973674
  },
  "Total" : {
    "transaction" : "Total",
    "sampleCount" : 14000,
    "errorCount" : 219,
    "errorPct" : 1.5642858,
    "meanResTime" : 1255.6672857142846,
    "medianResTime" : 838.0,
    "minResTime" : 270.0,
    "maxResTime" : 77276.0,
    "pct1ResTime" : 1317.0,
    "pct2ResTime" : 1529.0,
    "pct3ResTime" : 2249.959999999999,
    "throughput" : 59.55368764941595,
    "receivedKBytesPerSec" : 51.68205768359551,
    "sentKBytesPerSec" : 18.011501040062615
  },
  "Create Token for Authentication" : {
    "transaction" : "Create Token for Authentication",
    "sampleCount" : 2000,
    "errorCount" : 72,
    "errorPct" : 3.6,
    "meanResTime" : 3922.6945000000032,
    "medianResTime" : 1115.0,
    "minResTime" : 1079.0,
    "maxResTime" : 77276.0,
    "pct1ResTime" : 1932.1000000000017,
    "pct2ResTime" : 2461.499999999998,
    "pct3ResTime" : 76138.99,
    "throughput" : 23.296718657177138,
    "receivedKBytesPerSec" : 18.013414177800556,
    "sentKBytesPerSec" : 5.687675453412386
  },
  "Create Booking" : {
    "transaction" : "Create Booking",
    "sampleCount" : 2000,
    "errorCount" : 2,
    "errorPct" : 0.1,
    "meanResTime" : 725.0629999999986,
    "medianResTime" : 672.5,
    "minResTime" : 272.0,
    "maxResTime" : 75846.0,
    "pct1ResTime" : 925.0,
    "pct2ResTime" : 943.9499999999998,
    "pct3ResTime" : 970.0,
    "throughput" : 12.645422357106728,
    "receivedKBytesPerSec" : 11.66142573185382,
    "sentKBytesPerSec" : 5.742306050834598
  },
  "GET Booking" : {
    "transaction" : "GET Booking",
    "sampleCount" : 2000,
    "errorCount" : 1,
    "errorPct" : 0.05,
    "meanResTime" : 680.7395000000004,
    "medianResTime" : 684.0,
    "minResTime" : 270.0,
    "maxResTime" : 75862.0,
    "pct1ResTime" : 923.0,
    "pct2ResTime" : 939.0,
    "pct3ResTime" : 969.0,
    "throughput" : 8.677504870249608,
    "receivedKBytesPerSec" : 7.888470538243934,
    "sentKBytesPerSec" : 1.423619246271927
  },
  "GET Booking After Upadting" : {
    "transaction" : "GET Booking After Upadting",
    "sampleCount" : 2000,
    "errorCount" : 0,
    "errorPct" : 0.0,
    "meanResTime" : 679.8725000000006,
    "medianResTime" : 698.0,
    "minResTime" : 271.0,
    "maxResTime" : 980.0,
    "pct1ResTime" : 913.0,
    "pct2ResTime" : 936.9499999999998,
    "pct3ResTime" : 967.0,
    "throughput" : 8.64677907479464,
    "receivedKBytesPerSec" : 8.004118197416775,
    "sentKBytesPerSec" : 1.3088048530047556
  },
  "Partial Upadate Booking" : {
    "transaction" : "Partial Upadate Booking",
    "sampleCount" : 2000,
    "errorCount" : 72,
    "errorPct" : 3.6,
    "meanResTime" : 1091.9549999999995,
    "medianResTime" : 1083.0,
    "minResTime" : 270.0,
    "maxResTime" : 1643.0,
    "pct1ResTime" : 1531.0,
    "pct2ResTime" : 1581.0,
    "pct3ResTime" : 1618.98,
    "throughput" : 8.649658554728552,
    "receivedKBytesPerSec" : 7.683751859676589,
    "sentKBytesPerSec" : 2.8082332856160503
  }
}