{
  "Update Booking" : {
    "transaction" : "Update Booking",
    "sampleCount" : 50,
    "errorCount" : 0,
    "errorPct" : 0.0,
    "meanResTime" : 277.28000000000014,
    "medianResTime" : 277.0,
    "minResTime" : 270.0,
    "maxResTime" : 293.0,
    "pct1ResTime" : 282.0,
    "pct2ResTime" : 285.0,
    "pct3ResTime" : 293.0,
    "throughput" : 5.213764337851929,
    "receivedKBytesPerSec" : 4.645952815432742,
    "sentKBytesPerSec" : 2.6323400026068824
  },
  "Delete Booking" : {
    "transaction" : "Delete Booking",
    "sampleCount" : 50,
    "errorCount" : 0,
    "errorPct" : 0.0,
    "meanResTime" : 278.12000000000006,
    "medianResTime" : 277.0,
    "minResTime" : 271.0,
    "maxResTime" : 293.0,
    "pct1ResTime" : 284.0,
    "pct2ResTime" : 285.9,
    "pct3ResTime" : 293.0,
    "throughput" : 5.208333333333333,
    "receivedKBytesPerSec" : 3.802286783854167,
    "sentKBytesPerSec" : 1.4292399088541667
  },
  "Total" : {
    "transaction" : "Total",
    "sampleCount" : 350,
    "errorCount" : 0,
    "errorPct" : 0.0,
    "meanResTime" : 398.12857142857143,
    "medianResTime" : 278.0,
    "minResTime" : 270.0,
    "maxResTime" : 1442.0,
    "pct1ResTime" : 1103.0,
    "pct2ResTime" : 1113.0,
    "pct3ResTime" : 1171.94,
    "throughput" : 28.07636772019894,
    "receivedKBytesPerSec" : 23.93729694769774,
    "sentKBytesPerSec" : 8.49576473006578
  },
  "Create Token for Authentication" : {
    "transaction" : "Create Token for Authentication",
    "sampleCount" : 50,
    "errorCount" : 0,
    "errorPct" : 0.0,
    "meanResTime" : 1121.96,
    "medianResTime" : 1107.0,
    "minResTime" : 1080.0,
    "maxResTime" : 1442.0,
    "pct1ResTime" : 1141.3,
    "pct2ResTime" : 1261.8499999999992,
    "pct3ResTime" : 1442.0,
    "throughput" : 4.637358560563903,
    "receivedKBytesPerSec" : 3.4892500231867927,
    "sentKBytesPerSec" : 1.1321676173251716
  },
  "Create Booking" : {
    "transaction" : "Create Booking",
    "sampleCount" : 50,
    "errorCount" : 0,
    "errorPct" : 0.0,
    "meanResTime" : 276.6599999999999,
    "medianResTime" : 276.0,
    "minResTime" : 270.0,
    "maxResTime" : 295.0,
    "pct1ResTime" : 282.0,
    "pct2ResTime" : 284.0,
    "pct3ResTime" : 295.0,
    "throughput" : 5.21485189820609,
    "receivedKBytesPerSec" : 4.792163707238215,
    "sentKBytesPerSec" : 2.368072395181477
  },
  "GET Booking" : {
    "transaction" : "GET Booking",
    "sampleCount" : 50,
    "errorCount" : 0,
    "errorPct" : 0.0,
    "meanResTime" : 277.18000000000006,
    "medianResTime" : 276.5,
    "minResTime" : 270.0,
    "maxResTime" : 293.0,
    "pct1ResTime" : 282.9,
    "pct2ResTime" : 284.0,
    "pct3ResTime" : 293.0,
    "throughput" : 5.2143080613202635,
    "receivedKBytesPerSec" : 4.643993117113359,
    "sentKBytesPerSec" : 0.8554724163103555
  },
  "GET Booking After Upadting" : {
    "transaction" : "GET Booking After Upadting",
    "sampleCount" : 50,
    "errorCount" : 0,
    "errorPct" : 0.0,
    "meanResTime" : 277.17999999999995,
    "medianResTime" : 276.0,
    "minResTime" : 270.0,
    "maxResTime" : 293.0,
    "pct1ResTime" : 284.7,
    "pct2ResTime" : 285.9,
    "pct3ResTime" : 293.0,
    "throughput" : 5.213220727765614,
    "receivedKBytesPerSec" : 4.645875690751747,
    "sentKBytesPerSec" : 0.7891105593785841
  },
  "Partial Upadate Booking" : {
    "transaction" : "Partial Upadate Booking",
    "sampleCount" : 50,
    "errorCount" : 0,
    "errorPct" : 0.0,
    "meanResTime" : 278.52,
    "medianResTime" : 277.5,
    "minResTime" : 272.0,
    "maxResTime" : 294.0,
    "pct1ResTime" : 283.0,
    "pct2ResTime" : 287.0,
    "pct3ResTime" : 294.0,
    "throughput" : 5.2105043768236765,
    "receivedKBytesPerSec" : 4.6568882867861605,
    "sentKBytesPerSec" : 1.6944315991037933
  }
}