{
  "Update Booking" : {
    "transaction" : "Update Booking",
    "sampleCount" : 600,
    "errorCount" : 0,
    "errorPct" : 0.0,
    "meanResTime" : 517.3716666666674,
    "medianResTime" : 520.5,
    "minResTime" : 286.0,
    "maxResTime" : 782.0,
    "pct1ResTime" : 740.8,
    "pct2ResTime" : 770.0,
    "pct3ResTime" : 779.99,
    "throughput" : 124.27506213753108,
    "receivedKBytesPerSec" : 110.78927609776304,
    "sentKBytesPerSec" : 62.744342895608945
  },
  "Delete Booking" : {
    "transaction" : "Delete Booking",
    "sampleCount" : 600,
    "errorCount" : 0,
    "errorPct" : 0.0,
    "meanResTime" : 811.4300000000003,
    "medianResTime" : 794.5,
    "minResTime" : 281.0,
    "maxResTime" : 1256.0,
    "pct1ResTime" : 1213.0,
    "pct2ResTime" : 1228.9499999999998,
    "pct3ResTime" : 1248.99,
    "throughput" : 129.64563526361277,
    "receivedKBytesPerSec" : 94.85316956568712,
    "sentKBytesPerSec" : 35.57658545808124
  },
  "Total" : {
    "transaction" : "Total",
    "sampleCount" : 4200,
    "errorCount" : 0,
    "errorPct" : 0.0,
    "meanResTime" : 1072.4854761904794,
    "medianResTime" : 651.0,
    "minResTime" : 278.0,
    "maxResTime" : 8216.0,
    "pct1ResTime" : 1227.0,
    "pct2ResTime" : 4189.849999999999,
    "pct3ResTime" : 8170.99,
    "throughput" : 298.5499004833665,
    "receivedKBytesPerSec" : 254.72787309852148,
    "sentKBytesPerSec" : 90.33966715240261
  },
  "Create Token for Authentication" : {
    "transaction" : "Create Token for Authentication",
    "sampleCount" : 600,
    "errorCount" : 0,
    "errorPct" : 0.0,
    "meanResTime" : 3765.443333333333,
    "medianResTime" : 2423.0,
    "minResTime" : 1113.0,
    "maxResTime" : 8216.0,
    "pct1ResTime" : 8163.9,
    "pct2ResTime" : 8176.95,
    "pct3ResTime" : 8192.99,
    "throughput" : 53.83580080753701,
    "receivedKBytesPerSec" : 40.49251345895021,
    "sentKBytesPerSec" : 13.143506056527592
  },
  "Create Booking" : {
    "transaction" : "Create Booking",
    "sampleCount" : 600,
    "errorCount" : 0,
    "errorPct" : 0.0,
    "meanResTime" : 490.4016666666668,
    "medianResTime" : 395.0,
    "minResTime" : 278.0,
    "maxResTime" : 782.0,
    "pct1ResTime" : 753.9,
    "pct2ResTime" : 768.0,
    "pct3ResTime" : 778.0,
    "throughput" : 138.9210465385506,
    "receivedKBytesPerSec" : 127.7241548969669,
    "sentKBytesPerSec" : 63.08426429729104
  },
  "GET Booking" : {
    "transaction" : "GET Booking",
    "sampleCount" : 600,
    "errorCount" : 0,
    "errorPct" : 0.0,
    "meanResTime" : 519.1900000000004,
    "medianResTime" : 519.0,
    "minResTime" : 279.0,
    "maxResTime" : 789.0,
    "pct1ResTime" : 754.0,
    "pct2ResTime" : 770.9499999999999,
    "pct3ResTime" : 781.0,
    "throughput" : 130.3214596003475,
    "receivedKBytesPerSec" : 116.22960333405734,
    "sentKBytesPerSec" : 21.380864465682016
  },
  "GET Booking After Upadting" : {
    "transaction" : "GET Booking After Upadting",
    "sampleCount" : 600,
    "errorCount" : 0,
    "errorPct" : 0.0,
    "meanResTime" : 541.6766666666662,
    "medianResTime" : 518.0,
    "minResTime" : 373.0,
    "maxResTime" : 793.0,
    "pct1ResTime" : 724.0,
    "pct2ResTime" : 758.9499999999999,
    "pct3ResTime" : 776.99,
    "throughput" : 121.18763886083619,
    "receivedKBytesPerSec" : 108.01321702686327,
    "sentKBytesPerSec" : 18.34383205413048
  },
  "Partial Upadate Booking" : {
    "transaction" : "Partial Upadate Booking",
    "sampleCount" : 600,
    "errorCount" : 0,
    "errorPct" : 0.0,
    "meanResTime" : 861.8850000000002,
    "medianResTime" : 886.5,
    "minResTime" : 459.0,
    "maxResTime" : 1254.0,
    "pct1ResTime" : 1102.9,
    "pct2ResTime" : 1178.8999999999999,
    "pct3ResTime" : 1240.0,
    "throughput" : 119.04761904761904,
    "receivedKBytesPerSec" : 106.51119171626983,
    "sentKBytesPerSec" : 38.71372767857143
  }
}