{
  "Update Booking" : {
    "transaction" : "Update Booking",
    "sampleCount" : 1700,
    "errorCount" : 0,
    "errorPct" : 0.0,
    "meanResTime" : 1793.7199999999984,
    "medianResTime" : 2247.5,
    "minResTime" : 530.0,
    "maxResTime" : 3186.0,
    "pct1ResTime" : 2472.9,
    "pct2ResTime" : 2577.0,
    "pct3ResTime" : 2616.98,
    "throughput" : 115.09037979825334,
    "receivedKBytesPerSec" : 102.55235131338434,
    "sentKBytesPerSec" : 58.10715464423532
  },
  "Delete Booking" : {
    "transaction" : "Delete Booking",
    "sampleCount" : 1700,
    "errorCount" : 0,
    "errorPct" : 0.0,
    "meanResTime" : 2877.8282352941233,
    "medianResTime" : 2930.5,
    "minResTime" : 1163.0,
    "maxResTime" : 4590.0,
    "pct1ResTime" : 4376.8,
    "pct2ResTime" : 4433.95,
    "pct3ResTime" : 4503.98,
    "throughput" : 98.37393669347838,
    "receivedKBytesPerSec" : 71.82337176668017,
    "sentKBytesPerSec" : 26.995191612175223
  },
  "Total" : {
    "transaction" : "Total",
    "sampleCount" : 11900,
    "errorCount" : 0,
    "errorPct" : 0.0,
    "meanResTime" : 2017.7078991596657,
    "medianResTime" : 2072.0,
    "minResTime" : 296.0,
    "maxResTime" : 4600.0,
    "pct1ResTime" : 3636.8999999999996,
    "pct2ResTime" : 4349.0,
    "pct3ResTime" : 4473.99,
    "throughput" : 505.5869482092026,
    "receivedKBytesPerSec" : 431.09485862684284,
    "sentKBytesPerSec" : 152.98801488082594
  },
  "Create Token for Authentication" : {
    "transaction" : "Create Token for Authentication",
    "sampleCount" : 1700,
    "errorCount" : 0,
    "errorPct" : 0.0,
    "meanResTime" : 1356.4199999999998,
    "medianResTime" : 1230.0,
    "minResTime" : 1180.0,
    "maxResTime" : 4205.0,
    "pct1ResTime" : 1836.0,
    "pct2ResTime" : 2346.95,
    "pct3ResTime" : 2665.96,
    "throughput" : 151.40719629497684,
    "receivedKBytesPerSec" : 113.97044498129677,
    "sentKBytesPerSec" : 36.96464753295333
  },
  "Create Booking" : {
    "transaction" : "Create Booking",
    "sampleCount" : 1700,
    "errorCount" : 0,
    "errorPct" : 0.0,
    "meanResTime" : 1441.3158823529411,
    "medianResTime" : 1211.0,
    "minResTime" : 296.0,
    "maxResTime" : 2706.0,
    "pct1ResTime" : 2581.9,
    "pct2ResTime" : 2602.0,
    "pct3ResTime" : 2625.99,
    "throughput" : 159.10154422087038,
    "receivedKBytesPerSec" : 146.3346689284043,
    "sentKBytesPerSec" : 72.24825982686008
  },
  "GET Booking" : {
    "transaction" : "GET Booking",
    "sampleCount" : 1700,
    "errorCount" : 0,
    "errorPct" : 0.0,
    "meanResTime" : 1617.4376470588254,
    "medianResTime" : 2013.0,
    "minResTime" : 300.0,
    "maxResTime" : 2642.0,
    "pct1ResTime" : 2476.7000000000003,
    "pct2ResTime" : 2591.95,
    "pct3ResTime" : 2618.0,
    "throughput" : 132.48129675810475,
    "receivedKBytesPerSec" : 118.04899372662094,
    "sentKBytesPerSec" : 21.735212749376558
  },
  "GET Booking After Upadting" : {
    "transaction" : "GET Booking After Upadting",
    "sampleCount" : 1700,
    "errorCount" : 0,
    "errorPct" : 0.0,
    "meanResTime" : 1823.3517647058798,
    "medianResTime" : 2036.5,
    "minResTime" : 541.0,
    "maxResTime" : 2636.0,
    "pct1ResTime" : 2449.0,
    "pct2ResTime" : 2570.95,
    "pct3ResTime" : 2615.0,
    "throughput" : 106.52964030580273,
    "receivedKBytesPerSec" : 94.91786055583407,
    "sentKBytesPerSec" : 16.125092038475998
  },
  "Partial Upadate Booking" : {
    "transaction" : "Partial Upadate Booking",
    "sampleCount" : 1700,
    "errorCount" : 0,
    "errorPct" : 0.0,
    "meanResTime" : 3213.8817647058836,
    "medianResTime" : 3104.0,
    "minResTime" : 1678.0,
    "maxResTime" : 4600.0,
    "pct1ResTime" : 4445.0,
    "pct2ResTime" : 4477.0,
    "pct3ResTime" : 4556.92,
    "throughput" : 95.5270847381434,
    "receivedKBytesPerSec" : 85.2972139104293,
    "sentKBytesPerSec" : 31.064960173634525
  }
}