{
  "Update Booking" : {
    "transaction" : "Update Booking",
    "sampleCount" : 700,
    "errorCount" : 0,
    "errorPct" : 0.0,
    "meanResTime" : 279.3900000000001,
    "medianResTime" : 278.0,
    "minResTime" : 269.0,
    "maxResTime" : 896.0,
    "pct1ResTime" : 285.0,
    "pct2ResTime" : 288.0,
    "pct3ResTime" : 293.99,
    "throughput" : 75.35795026375283,
    "receivedKBytesPerSec" : 67.09675086123372,
    "sentKBytesPerSec" : 37.984696280546885
  },
  "Delete Booking" : {
    "transaction" : "Delete Booking",
    "sampleCount" : 700,
    "errorCount" : 0,
    "errorPct" : 0.0,
    "meanResTime" : 278.65714285714256,
    "medianResTime" : 278.0,
    "minResTime" : 270.0,
    "maxResTime" : 302.0,
    "pct1ResTime" : 285.0,
    "pct2ResTime" : 288.0,
    "pct3ResTime" : 297.99,
    "throughput" : 75.17989474814735,
    "receivedKBytesPerSec" : 54.76637176457953,
    "sentKBytesPerSec" : 20.568329798088282
  },
  "Total" : {
    "transaction" : "Total",
    "sampleCount" : 4900,
    "errorCount" : 0,
    "errorPct" : 0.0,
    "meanResTime" : 401.36142857142835,
    "medianResTime" : 279.0,
    "minResTime" : 269.0,
    "maxResTime" : 1637.0,
    "pct1ResTime" : 1101.0,
    "pct2ResTime" : 1118.0,
    "pct3ResTime" : 1164.9699999999993,
    "throughput" : 396.27982207844724,
    "receivedKBytesPerSec" : 337.4592473716134,
    "sentKBytesPerSec" : 119.6784649211484
  },
  "Create Token for Authentication" : {
    "transaction" : "Create Token for Authentication",
    "sampleCount" : 700,
    "errorCount" : 0,
    "errorPct" : 0.0,
    "meanResTime" : 1132.804285714287,
    "medianResTime" : 1110.0,
    "minResTime" : 1079.0,
    "maxResTime" : 1637.0,
    "pct1ResTime" : 1144.0,
    "pct2ResTime" : 1323.299999999999,
    "pct3ResTime" : 1621.0,
    "throughput" : 65.3716847217034,
    "receivedKBytesPerSec" : 49.130177203959654,
    "sentKBytesPerSec" : 15.95988396525962
  },
  "Create Booking" : {
    "transaction" : "Create Booking",
    "sampleCount" : 700,
    "errorCount" : 0,
    "errorPct" : 0.0,
    "meanResTime" : 281.568571428572,
    "medianResTime" : 278.0,
    "minResTime" : 270.0,
    "maxResTime" : 348.0,
    "pct1ResTime" : 288.0,
    "pct2ResTime" : 322.89999999999986,
    "pct3ResTime" : 344.99,
    "throughput" : 75.32551382761218,
    "receivedKBytesPerSec" : 69.12713198106101,
    "sentKBytesPerSec" : 34.20543352523405
  },
  "GET Booking" : {
    "transaction" : "GET Booking",
    "sampleCount" : 700,
    "errorCount" : 0,
    "errorPct" : 0.0,
    "meanResTime" : 278.60999999999984,
    "medianResTime" : 278.0,
    "minResTime" : 269.0,
    "maxResTime" : 306.0,
    "pct1ResTime" : 286.0,
    "pct2ResTime" : 289.0,
    "pct3ResTime" : 297.99,
    "throughput" : 75.37417895983634,
    "receivedKBytesPerSec" : 67.12087460966943,
    "sentKBytesPerSec" : 12.30382523958221
  },
  "GET Booking After Upadting" : {
    "transaction" : "GET Booking After Upadting",
    "sampleCount" : 700,
    "errorCount" : 0,
    "errorPct" : 0.0,
    "meanResTime" : 278.7785714285712,
    "medianResTime" : 277.0,
    "minResTime" : 270.0,
    "maxResTime" : 867.0,
    "pct1ResTime" : 284.0,
    "pct2ResTime" : 286.94999999999993,
    "pct3ResTime" : 292.99,
    "throughput" : 75.32551382761218,
    "receivedKBytesPerSec" : 67.05862275368557,
    "sentKBytesPerSec" : 11.339600371247176
  },
  "Partial Upadate Booking" : {
    "transaction" : "Partial Upadate Booking",
    "sampleCount" : 700,
    "errorCount" : 0,
    "errorPct" : 0.0,
    "meanResTime" : 279.72142857142853,
    "medianResTime" : 278.0,
    "minResTime" : 269.0,
    "maxResTime" : 326.0,
    "pct1ResTime" : 287.0,
    "pct2ResTime" : 290.0,
    "pct3ResTime" : 322.0,
    "throughput" : 75.26881720430107,
    "receivedKBytesPerSec" : 67.1484375,
    "sentKBytesPerSec" : 24.41490255376344
  }
}