{
  "Update Booking" : {
    "transaction" : "Update Booking",
    "sampleCount" : 1500,
    "errorCount" : 0,
    "errorPct" : 0.0,
    "meanResTime" : 944.4299999999993,
    "medianResTime" : 931.5,
    "minResTime" : 313.0,
    "maxResTime" : 1379.0,
    "pct1ResTime" : 1348.0,
    "pct2ResTime" : 1358.0,
    "pct3ResTime" : 1371.0,
    "throughput" : 118.8024710913987,
    "receivedKBytesPerSec" : 105.94303174006019,
    "sentKBytesPerSec" : 59.98132573657532
  },
  "Delete Booking" : {
    "transaction" : "Delete Booking",
    "sampleCount" : 1500,
    "errorCount" : 0,
    "errorPct" : 0.0,
    "meanResTime" : 1573.5066666666676,
    "medianResTime" : 1467.0,
    "minResTime" : 622.0,
    "maxResTime" : 2629.0,
    "pct1ResTime" : 2365.9,
    "pct2ResTime" : 2414.0,
    "pct3ResTime" : 2446.0,
    "throughput" : 107.73540185304891,
    "receivedKBytesPerSec" : 78.46167313079077,
    "sentKBytesPerSec" : 29.56410929756518
  },
  "Total" : {
    "transaction" : "Total",
    "sampleCount" : 10500,
    "errorCount" : 0,
    "errorPct" : 0.0,
    "meanResTime" : 1148.53209523809,
    "medianResTime" : 1115.0,
    "minResTime" : 271.0,
    "maxResTime" : 2629.0,
    "pct1ResTime" : 1857.0,
    "pct2ResTime" : 2286.0,
    "pct3ResTime" : 2419.0,
    "throughput" : 586.2319245156608,
    "receivedKBytesPerSec" : 499.53960729440007,
    "sentKBytesPerSec" : 177.39077068561218
  },
  "Create Token for Authentication" : {
    "transaction" : "Create Token for Authentication",
    "sampleCount" : 1500,
    "errorCount" : 0,
    "errorPct" : 0.0,
    "meanResTime" : 1157.8306666666683,
    "medianResTime" : 1111.0,
    "minResTime" : 1080.0,
    "maxResTime" : 2241.0,
    "pct1ResTime" : 1166.8000000000002,
    "pct2ResTime" : 1601.5000000000005,
    "pct3ResTime" : 1871.98,
    "throughput" : 131.9493314567206,
    "receivedKBytesPerSec" : 99.15030128430682,
    "sentKBytesPerSec" : 32.214192250175934
  },
  "Create Booking" : {
    "transaction" : "Create Booking",
    "sampleCount" : 1500,
    "errorCount" : 0,
    "errorPct" : 0.0,
    "meanResTime" : 825.4480000000001,
    "medianResTime" : 833.0,
    "minResTime" : 271.0,
    "maxResTime" : 1378.0,
    "pct1ResTime" : 1327.9,
    "pct2ResTime" : 1344.0,
    "pct3ResTime" : 1364.0,
    "throughput" : 139.65180150823943,
    "receivedKBytesPerSec" : 128.41637766502188,
    "sentKBytesPerSec" : 63.4161012708314
  },
  "GET Booking" : {
    "transaction" : "GET Booking",
    "sampleCount" : 1500,
    "errorCount" : 0,
    "errorPct" : 0.0,
    "meanResTime" : 899.5093333333325,
    "medianResTime" : 863.0,
    "minResTime" : 272.0,
    "maxResTime" : 1376.0,
    "pct1ResTime" : 1352.0,
    "pct2ResTime" : 1360.95,
    "pct3ResTime" : 1370.99,
    "throughput" : 127.35608762098829,
    "receivedKBytesPerSec" : 113.48024388690779,
    "sentKBytesPerSec" : 20.89435812531839
  },
  "GET Booking After Upadting" : {
    "transaction" : "GET Booking After Upadting",
    "sampleCount" : 1500,
    "errorCount" : 0,
    "errorPct" : 0.0,
    "meanResTime" : 959.8953333333336,
    "medianResTime" : 980.0,
    "minResTime" : 307.0,
    "maxResTime" : 1384.0,
    "pct1ResTime" : 1347.0,
    "pct2ResTime" : 1358.0,
    "pct3ResTime" : 1370.99,
    "throughput" : 114.085792515972,
    "receivedKBytesPerSec" : 101.60944155004563,
    "sentKBytesPerSec" : 17.26884554685123
  },
  "Partial Upadate Booking" : {
    "transaction" : "Partial Upadate Booking",
    "sampleCount" : 1500,
    "errorCount" : 0,
    "errorPct" : 0.0,
    "meanResTime" : 1679.1046666666641,
    "medianResTime" : 1622.5,
    "minResTime" : 706.0,
    "maxResTime" : 2456.0,
    "pct1ResTime" : 2351.6000000000004,
    "pct2ResTime" : 2405.9,
    "pct3ResTime" : 2438.0,
    "throughput" : 107.08931248661384,
    "receivedKBytesPerSec" : 95.5381684157921,
    "sentKBytesPerSec" : 34.82494243949454
  }
}