{
  "Update Booking" : {
    "transaction" : "Update Booking",
    "sampleCount" : 1200,
    "errorCount" : 0,
    "errorPct" : 0.0,
    "meanResTime" : 292.34999999999997,
    "medianResTime" : 282.0,
    "minResTime" : 269.0,
    "maxResTime" : 883.0,
    "pct1ResTime" : 325.9000000000001,
    "pct2ResTime" : 346.0,
    "pct3ResTime" : 390.99,
    "throughput" : 135.86956521739128,
    "receivedKBytesPerSec" : 121.10348024230072,
    "sentKBytesPerSec" : 68.59820822010869
  },
  "Delete Booking" : {
    "transaction" : "Delete Booking",
    "sampleCount" : 1200,
    "errorCount" : 0,
    "errorPct" : 0.0,
    "meanResTime" : 313.0641666666667,
    "medianResTime" : 284.0,
    "minResTime" : 270.0,
    "maxResTime" : 501.0,
    "pct1ResTime" : 407.9000000000001,
    "pct2ResTime" : 458.8000000000002,
    "pct3ResTime" : 495.0,
    "throughput" : 136.23978201634878,
    "receivedKBytesPerSec" : 99.42355316189828,
    "sentKBytesPerSec" : 37.38611205722071
  },
  "Total" : {
    "transaction" : "Total",
    "sampleCount" : 8400,
    "errorCount" : 0,
    "errorPct" : 0.0,
    "meanResTime" : 423.0426190476187,
    "medianResTime" : 286.0,
    "minResTime" : 269.0,
    "maxResTime" : 1929.0,
    "pct1ResTime" : 1100.0,
    "pct2ResTime" : 1119.0,
    "pct3ResTime" : 1423.9799999999996,
    "throughput" : 692.0985416495016,
    "receivedKBytesPerSec" : 590.2792082063113,
    "sentKBytesPerSec" : 209.42546551866192
  },
  "Create Token for Authentication" : {
    "transaction" : "Create Token for Authentication",
    "sampleCount" : 1200,
    "errorCount" : 0,
    "errorPct" : 0.0,
    "meanResTime" : 1159.139999999998,
    "medianResTime" : 1110.0,
    "minResTime" : 1077.0,
    "maxResTime" : 1929.0,
    "pct1ResTime" : 1225.9,
    "pct2ResTime" : 1639.8500000000001,
    "pct3ResTime" : 1857.93,
    "throughput" : 114.70082202255783,
    "receivedKBytesPerSec" : 86.41131296597209,
    "sentKBytesPerSec" : 28.00313037660103
  },
  "Create Booking" : {
    "transaction" : "Create Booking",
    "sampleCount" : 1200,
    "errorCount" : 0,
    "errorPct" : 0.0,
    "meanResTime" : 300.58750000000026,
    "medianResTime" : 283.0,
    "minResTime" : 269.0,
    "maxResTime" : 987.0,
    "pct1ResTime" : 351.0,
    "pct2ResTime" : 388.0,
    "pct3ResTime" : 410.0,
    "throughput" : 135.82342954159594,
    "receivedKBytesPerSec" : 124.97126131861911,
    "sentKBytesPerSec" : 61.67763157894736
  },
  "GET Booking" : {
    "transaction" : "GET Booking",
    "sampleCount" : 1200,
    "errorCount" : 0,
    "errorPct" : 0.0,
    "meanResTime" : 294.85416666666623,
    "medianResTime" : 283.0,
    "minResTime" : 269.0,
    "maxResTime" : 402.0,
    "pct1ResTime" : 331.0,
    "pct2ResTime" : 350.95000000000005,
    "pct3ResTime" : 387.98,
    "throughput" : 135.85418317672367,
    "receivedKBytesPerSec" : 121.11453498245217,
    "sentKBytesPerSec" : 22.288576927431222
  },
  "GET Booking After Upadting" : {
    "transaction" : "GET Booking After Upadting",
    "sampleCount" : 1200,
    "errorCount" : 0,
    "errorPct" : 0.0,
    "meanResTime" : 290.66750000000087,
    "medianResTime" : 281.0,
    "minResTime" : 269.0,
    "maxResTime" : 402.0,
    "pct1ResTime" : 329.9000000000001,
    "pct2ResTime" : 349.95000000000005,
    "pct3ResTime" : 386.99,
    "throughput" : 135.80805794477138,
    "receivedKBytesPerSec" : 121.023900803531,
    "sentKBytesPerSec" : 20.556883770937073
  },
  "Partial Upadate Booking" : {
    "transaction" : "Partial Upadate Booking",
    "sampleCount" : 1200,
    "errorCount" : 0,
    "errorPct" : 0.0,
    "meanResTime" : 310.63499999999993,
    "medianResTime" : 285.0,
    "minResTime" : 270.0,
    "maxResTime" : 502.0,
    "pct1ResTime" : 392.9000000000001,
    "pct2ResTime" : 418.0,
    "pct3ResTime" : 490.99,
    "throughput" : 135.70055411059596,
    "receivedKBytesPerSec" : 121.17856284631912,
    "sentKBytesPerSec" : 44.12918410041841
  }
}