{
  "Update Booking" : {
    "transaction" : "Update Booking",
    "sampleCount" : 900,
    "errorCount" : 0,
    "errorPct" : 0.0,
    "meanResTime" : 285.8099999999996,
    "medianResTime" : 281.5,
    "minResTime" : 270.0,
    "maxResTime" : 375.0,
    "pct1ResTime" : 301.0,
    "pct2ResTime" : 311.94999999999993,
    "pct3ResTime" : 360.99,
    "throughput" : 96.86793671294801,
    "receivedKBytesPerSec" : 86.30832257022925,
    "sentKBytesPerSec" : 48.9069563287052
  },
  "Delete Booking" : {
    "transaction" : "Delete Booking",
    "sampleCount" : 900,
    "errorCount" : 0,
    "errorPct" : 0.0,
    "meanResTime" : 290.6277777777775,
    "medianResTime" : 283.0,
    "minResTime" : 271.0,
    "maxResTime" : 383.0,
    "pct1ResTime" : 319.9,
    "pct2ResTime" : 347.94999999999993,
    "pct3ResTime" : 372.99,
    "throughput" : 96.34942725618242,
    "receivedKBytesPerSec" : 70.30162723477144,
    "sentKBytesPerSec" : 26.43963775291725
  },
  "Total" : {
    "transaction" : "Total",
    "sampleCount" : 6300,
    "errorCount" : 0,
    "errorPct" : 0.0,
    "meanResTime" : 411.48777777777696,
    "medianResTime" : 284.0,
    "minResTime" : 269.0,
    "maxResTime" : 2194.0,
    "pct1ResTime" : 1102.0,
    "pct2ResTime" : 1120.0,
    "pct3ResTime" : 1282.8999999999978,
    "throughput" : 502.9137063941885,
    "receivedKBytesPerSec" : 428.6712575836194,
    "sentKBytesPerSec" : 152.17910563183526
  },
  "Create Token for Authentication" : {
    "transaction" : "Create Token for Authentication",
    "sampleCount" : 900,
    "errorCount" : 0,
    "errorPct" : 0.0,
    "meanResTime" : 1146.603333333334,
    "medianResTime" : 1111.0,
    "minResTime" : 1079.0,
    "maxResTime" : 2194.0,
    "pct1ResTime" : 1153.0,
    "pct2ResTime" : 1479.5499999999993,
    "pct3ResTime" : 1728.99,
    "throughput" : 83.52668213457076,
    "receivedKBytesPerSec" : 62.807062064965194,
    "sentKBytesPerSec" : 20.39225638051044
  },
  "Create Booking" : {
    "transaction" : "Create Booking",
    "sampleCount" : 900,
    "errorCount" : 0,
    "errorPct" : 0.0,
    "meanResTime" : 286.50777777777785,
    "medianResTime" : 281.0,
    "minResTime" : 270.0,
    "maxResTime" : 365.0,
    "pct1ResTime" : 311.9,
    "pct2ResTime" : 324.94999999999993,
    "pct3ResTime" : 358.94000000000005,
    "throughput" : 97.21322099805573,
    "receivedKBytesPerSec" : 89.39903326852453,
    "sentKBytesPerSec" : 44.14467555087492
  },
  "GET Booking" : {
    "transaction" : "GET Booking",
    "sampleCount" : 900,
    "errorCount" : 0,
    "errorPct" : 0.0,
    "meanResTime" : 287.19222222222237,
    "medianResTime" : 281.0,
    "minResTime" : 269.0,
    "maxResTime" : 978.0,
    "pct1ResTime" : 306.0,
    "pct2ResTime" : 320.94999999999993,
    "pct3ResTime" : 359.0,
    "throughput" : 97.07690648258009,
    "receivedKBytesPerSec" : 86.50883804336101,
    "sentKBytesPerSec" : 15.926679969798295
  },
  "GET Booking After Upadting" : {
    "transaction" : "GET Booking After Upadting",
    "sampleCount" : 900,
    "errorCount" : 0,
    "errorPct" : 0.0,
    "meanResTime" : 284.5311111111114,
    "medianResTime" : 281.0,
    "minResTime" : 270.0,
    "maxResTime" : 374.0,
    "pct1ResTime" : 295.0,
    "pct2ResTime" : 310.94999999999993,
    "pct3ResTime" : 364.0,
    "throughput" : 96.72219236969372,
    "receivedKBytesPerSec" : 86.14320257925847,
    "sentKBytesPerSec" : 14.640566227834498
  },
  "Partial Upadate Booking" : {
    "transaction" : "Partial Upadate Booking",
    "sampleCount" : 900,
    "errorCount" : 0,
    "errorPct" : 0.0,
    "meanResTime" : 299.14222222222224,
    "medianResTime" : 284.0,
    "minResTime" : 271.0,
    "maxResTime" : 454.0,
    "pct1ResTime" : 348.0,
    "pct2ResTime" : 416.0,
    "pct3ResTime" : 447.99,
    "throughput" : 96.52509652509653,
    "receivedKBytesPerSec" : 86.1645685864436,
    "sentKBytesPerSec" : 31.38950892857143
  }
}