{
  "Update Booking" : {
    "transaction" : "Update Booking",
    "sampleCount" : 10,
    "errorCount" : 0,
    "errorPct" : 0.0,
    "meanResTime" : 342.7,
    "medianResTime" : 347.0,
    "minResTime" : 324.0,
    "maxResTime" : 357.0,
    "pct1ResTime" : 356.6,
    "pct2ResTime" : 357.0,
    "pct3ResTime" : 357.0,
    "throughput" : 1.1587485515643106,
    "receivedKBytesPerSec" : 1.0360841541135573,
    "sentKBytesPerSec" : 0.5850322276940904
  },
  "Delete Booking" : {
    "transaction" : "Delete Booking",
    "sampleCount" : 10,
    "errorCount" : 0,
    "errorPct" : 0.0,
    "meanResTime" : 348.8,
    "medianResTime" : 348.0,
    "minResTime" : 324.0,
    "maxResTime" : 362.0,
    "pct1ResTime" : 362.0,
    "pct2ResTime" : 362.0,
    "pct3ResTime" : 362.0,
    "throughput" : 1.1570056693277797,
    "receivedKBytesPerSec" : 0.8494500607427976,
    "sentKBytesPerSec" : 0.3174986260557677
  },
  "Total" : {
    "transaction" : "Total",
    "sampleCount" : 70,
    "errorCount" : 0,
    "errorPct" : 0.0,
    "meanResTime" : 513.4857142857143,
    "medianResTime" : 349.0,
    "minResTime" : 311.0,
    "maxResTime" : 2291.0,
    "pct1ResTime" : 1387.2,
    "pct2ResTime" : 1401.9,
    "pct3ResTime" : 2291.0,
    "throughput" : 5.696151029375865,
    "receivedKBytesPerSec" : 4.877011453332249,
    "sentKBytesPerSec" : 1.7236260578566198
  },
  "Create Token for Authentication" : {
    "transaction" : "Create Token for Authentication",
    "sampleCount" : 10,
    "errorCount" : 0,
    "errorPct" : 0.0,
    "meanResTime" : 1524.6999999999998,
    "medianResTime" : 1394.0,
    "minResTime" : 1346.0,
    "maxResTime" : 2291.0,
    "pct1ResTime" : 2249.2000000000003,
    "pct2ResTime" : 2291.0,
    "pct3ResTime" : 2291.0,
    "throughput" : 0.9738994935722634,
    "receivedKBytesPerSec" : 0.7365114920140241,
    "sentKBytesPerSec" : 0.23776843104791584
  },
  "Create Booking" : {
    "transaction" : "Create Booking",
    "sampleCount" : 10,
    "errorCount" : 0,
    "errorPct" : 0.0,
    "meanResTime" : 348.0,
    "medianResTime" : 347.5,
    "minResTime" : 337.0,
    "maxResTime" : 365.0,
    "pct1ResTime" : 364.3,
    "pct2ResTime" : 365.0,
    "pct3ResTime" : 365.0,
    "throughput" : 1.1488970588235294,
    "receivedKBytesPerSec" : 1.0602614458869484,
    "sentKBytesPerSec" : 0.521715949563419
  },
  "GET Booking" : {
    "transaction" : "GET Booking",
    "sampleCount" : 10,
    "errorCount" : 0,
    "errorPct" : 0.0,
    "meanResTime" : 342.40000000000003,
    "medianResTime" : 346.5,
    "minResTime" : 311.0,
    "maxResTime" : 360.0,
    "pct1ResTime" : 359.7,
    "pct2ResTime" : 360.0,
    "pct3ResTime" : 360.0,
    "throughput" : 1.1562030292519365,
    "receivedKBytesPerSec" : 1.03380809920222,
    "sentKBytesPerSec" : 0.18968955948664587
  },
  "GET Booking After Upadting" : {
    "transaction" : "GET Booking After Upadting",
    "sampleCount" : 10,
    "errorCount" : 0,
    "errorPct" : 0.0,
    "meanResTime" : 342.2,
    "medianResTime" : 341.0,
    "minResTime" : 334.0,
    "maxResTime" : 353.0,
    "pct1ResTime" : 352.6,
    "pct2ResTime" : 353.0,
    "pct3ResTime" : 353.0,
    "throughput" : 1.1575413821044103,
    "receivedKBytesPerSec" : 1.0354569394605857,
    "sentKBytesPerSec" : 0.17521378342400742
  },
  "Partial Upadate Booking" : {
    "transaction" : "Partial Upadate Booking",
    "sampleCount" : 10,
    "errorCount" : 0,
    "errorPct" : 0.0,
    "meanResTime" : 345.6000000000001,
    "medianResTime" : 347.5,
    "minResTime" : 325.0,
    "maxResTime" : 362.0,
    "pct1ResTime" : 361.5,
    "pct2ResTime" : 362.0,
    "pct3ResTime" : 362.0,
    "throughput" : 1.1563367252543941,
    "receivedKBytesPerSec" : 1.0375411944958373,
    "sentKBytesPerSec" : 0.37603528272432934
  }
}