{
  "Update Booking" : {
    "transaction" : "Update Booking",
    "sampleCount" : 200,
    "errorCount" : 0,
    "errorPct" : 0.0,
    "meanResTime" : 276.1900000000001,
    "medianResTime" : 276.0,
    "minResTime" : 269.0,
    "maxResTime" : 290.0,
    "pct1ResTime" : 282.0,
    "pct2ResTime" : 284.95,
    "pct3ResTime" : 288.0,
    "throughput" : 26.18486514794449,
    "receivedKBytesPerSec" : 23.299927173343807,
    "sentKBytesPerSec" : 13.185639442589684
  },
  "Delete Booking" : {
    "transaction" : "Delete Booking",
    "sampleCount" : 200,
    "errorCount" : 0,
    "errorPct" : 0.0,
    "meanResTime" : 276.2600000000002,
    "medianResTime" : 276.0,
    "minResTime" : 269.0,
    "maxResTime" : 291.0,
    "pct1ResTime" : 282.0,
    "pct2ResTime" : 284.0,
    "pct3ResTime" : 288.0,
    "throughput" : 26.19858527639507,
    "receivedKBytesPerSec" : 19.086078726748756,
    "sentKBytesPerSec" : 7.154593144157715
  },
  "Total" : {
    "transaction" : "Total",
    "sampleCount" : 1400,
    "errorCount" : 0,
    "errorPct" : 0.0,
    "meanResTime" : 466.2671428571434,
    "medianResTime" : 277.0,
    "minResTime" : 269.0,
    "maxResTime" : 4573.0,
    "pct1ResTime" : 1100.0,
    "pct2ResTime" : 1129.95,
    "pct3ResTime" : 3138.9700000000003,
    "throughput" : 111.95521791283487,
    "receivedKBytesPerSec" : 95.27884158836464,
    "sentKBytesPerSec" : 33.771257122151134
  },
  "Create Token for Authentication" : {
    "transaction" : "Create Token for Authentication",
    "sampleCount" : 200,
    "errorCount" : 0,
    "errorPct" : 0.0,
    "meanResTime" : 1606.5149999999992,
    "medianResTime" : 1112.0,
    "minResTime" : 1078.0,
    "maxResTime" : 4573.0,
    "pct1ResTime" : 3121.8,
    "pct2ResTime" : 4086.9999999999936,
    "pct3ResTime" : 4563.98,
    "throughput" : 18.39418743676998,
    "receivedKBytesPerSec" : 13.80893325209234,
    "sentKBytesPerSec" : 4.490768417180171
  },
  "Create Booking" : {
    "transaction" : "Create Booking",
    "sampleCount" : 200,
    "errorCount" : 0,
    "errorPct" : 0.0,
    "meanResTime" : 276.3649999999999,
    "medianResTime" : 276.0,
    "minResTime" : 269.0,
    "maxResTime" : 292.0,
    "pct1ResTime" : 282.0,
    "pct2ResTime" : 283.95,
    "pct3ResTime" : 287.99,
    "throughput" : 26.16773518251995,
    "receivedKBytesPerSec" : 23.99164779046186,
    "sentKBytesPerSec" : 11.882809433468534
  },
  "GET Booking" : {
    "transaction" : "GET Booking",
    "sampleCount" : 200,
    "errorCount" : 0,
    "errorPct" : 0.0,
    "meanResTime" : 276.0699999999998,
    "medianResTime" : 276.0,
    "minResTime" : 269.0,
    "maxResTime" : 291.0,
    "pct1ResTime" : 281.0,
    "pct2ResTime" : 283.95,
    "pct3ResTime" : 290.96000000000004,
    "throughput" : 26.17115938236064,
    "receivedKBytesPerSec" : 23.288242606647472,
    "sentKBytesPerSec" : 4.259075053978016
  },
  "GET Booking After Upadting" : {
    "transaction" : "GET Booking After Upadting",
    "sampleCount" : 200,
    "errorCount" : 0,
    "errorPct" : 0.0,
    "meanResTime" : 276.075,
    "medianResTime" : 276.0,
    "minResTime" : 269.0,
    "maxResTime" : 290.0,
    "pct1ResTime" : 281.9,
    "pct2ResTime" : 285.0,
    "pct3ResTime" : 288.0,
    "throughput" : 26.191723415400734,
    "receivedKBytesPerSec" : 23.306541382922997,
    "sentKBytesPerSec" : 3.9299095157805133
  },
  "Partial Upadate Booking" : {
    "transaction" : "Partial Upadate Booking",
    "sampleCount" : 200,
    "errorCount" : 0,
    "errorPct" : 0.0,
    "meanResTime" : 276.395,
    "medianResTime" : 276.0,
    "minResTime" : 269.0,
    "maxResTime" : 291.0,
    "pct1ResTime" : 282.0,
    "pct2ResTime" : 284.95,
    "pct3ResTime" : 288.99,
    "throughput" : 26.191723415400734,
    "receivedKBytesPerSec" : 23.355650864326872,
    "sentKBytesPerSec" : 8.48276768759822
  }
}