{
  "Update Booking" : {
    "transaction" : "Update Booking",
    "sampleCount" : 100,
    "errorCount" : 0,
    "errorPct" : 0.0,
    "meanResTime" : 339.3599999999999,
    "medianResTime" : 340.0,
    "minResTime" : 308.0,
    "maxResTime" : 374.0,
    "pct1ResTime" : 356.9,
    "pct2ResTime" : 358.9,
    "pct3ResTime" : 373.87999999999994,
    "throughput" : 10.245901639344261,
    "receivedKBytesPerSec" : 9.118452228483607,
    "sentKBytesPerSec" : 5.172979636270492
  },
  "Delete Booking" : {
    "transaction" : "Delete Booking",
    "sampleCount" : 100,
    "errorCount" : 0,
    "errorPct" : 0.0,
    "meanResTime" : 346.81000000000006,
    "medianResTime" : 341.0,
    "minResTime" : 309.0,
    "maxResTime" : 958.0,
    "pct1ResTime" : 357.0,
    "pct2ResTime" : 359.0,
    "pct3ResTime" : 952.129999999997,
    "throughput" : 10.168802115110841,
    "receivedKBytesPerSec" : 7.402570164734595,
    "sentKBytesPerSec" : 2.7904622991661583
  },
  "Total" : {
    "transaction" : "Total",
    "sampleCount" : 700,
    "errorCount" : 0,
    "errorPct" : 0.0,
    "meanResTime" : 488.4528571428572,
    "medianResTime" : 344.0,
    "minResTime" : 305.0,
    "maxResTime" : 1705.0,
    "pct1ResTime" : 1340.9,
    "pct2ResTime" : 1381.85,
    "pct3ResTime" : 1438.99,
    "throughput" : 52.754540658678124,
    "receivedKBytesPerSec" : 44.91466246514432,
    "sentKBytesPerSec" : 15.96325316527244
  },
  "Create Token for Authentication" : {
    "transaction" : "Create Token for Authentication",
    "sampleCount" : 100,
    "errorCount" : 0,
    "errorPct" : 0.0,
    "meanResTime" : 1372.3599999999997,
    "medianResTime" : 1365.5,
    "minResTime" : 1276.0,
    "maxResTime" : 1705.0,
    "pct1ResTime" : 1420.9,
    "pct2ResTime" : 1464.1499999999999,
    "pct3ResTime" : 1705.0,
    "throughput" : 8.962982880702699,
    "receivedKBytesPerSec" : 6.739042753428341,
    "sentKBytesPerSec" : 2.188228242359057
  },
  "Create Booking" : {
    "transaction" : "Create Booking",
    "sampleCount" : 100,
    "errorCount" : 0,
    "errorPct" : 0.0,
    "meanResTime" : 341.6599999999999,
    "medianResTime" : 342.0,
    "minResTime" : 305.0,
    "maxResTime" : 369.0,
    "pct1ResTime" : 359.0,
    "pct2ResTime" : 362.0,
    "pct3ResTime" : 368.99,
    "throughput" : 10.248001639680261,
    "receivedKBytesPerSec" : 9.420555569788892,
    "sentKBytesPerSec" : 4.65363355708137
  },
  "GET Booking" : {
    "transaction" : "GET Booking",
    "sampleCount" : 100,
    "errorCount" : 0,
    "errorPct" : 0.0,
    "meanResTime" : 340.77000000000015,
    "medianResTime" : 342.0,
    "minResTime" : 310.0,
    "maxResTime" : 379.0,
    "pct1ResTime" : 356.9,
    "pct2ResTime" : 359.0,
    "pct3ResTime" : 378.8399999999999,
    "throughput" : 10.25010250102501,
    "receivedKBytesPerSec" : 9.127796356088561,
    "sentKBytesPerSec" : 1.6816574415744157
  },
  "GET Booking After Upadting" : {
    "transaction" : "GET Booking After Upadting",
    "sampleCount" : 100,
    "errorCount" : 0,
    "errorPct" : 0.0,
    "meanResTime" : 337.58000000000004,
    "medianResTime" : 338.0,
    "minResTime" : 308.0,
    "maxResTime" : 371.0,
    "pct1ResTime" : 355.70000000000005,
    "pct2ResTime" : 359.84999999999997,
    "pct3ResTime" : 370.92999999999995,
    "throughput" : 10.224948875255624,
    "receivedKBytesPerSec" : 9.090618609406954,
    "sentKBytesPerSec" : 1.5477217535787322
  },
  "Partial Upadate Booking" : {
    "transaction" : "Partial Upadate Booking",
    "sampleCount" : 100,
    "errorCount" : 0,
    "errorPct" : 0.0,
    "meanResTime" : 340.63000000000005,
    "medianResTime" : 340.0,
    "minResTime" : 312.0,
    "maxResTime" : 368.0,
    "pct1ResTime" : 356.0,
    "pct2ResTime" : 362.74999999999994,
    "pct3ResTime" : 368.0,
    "throughput" : 10.195758564437194,
    "receivedKBytesPerSec" : 9.085376733278956,
    "sentKBytesPerSec" : 3.3156128925367048
  }
}