{
  "Update Booking" : {
    "transaction" : "Update Booking",
    "sampleCount" : 400,
    "errorCount" : 0,
    "errorPct" : 0.0,
    "meanResTime" : 287.81999999999994,
    "medianResTime" : 282.0,
    "minResTime" : 271.0,
    "maxResTime" : 645.0,
    "pct1ResTime" : 300.90000000000003,
    "pct2ResTime" : 305.95,
    "pct3ResTime" : 362.99,
    "throughput" : 41.897978422541115,
    "receivedKBytesPerSec" : 37.391081622499215,
    "sentKBytesPerSec" : 21.15356918403687
  },
  "Delete Booking" : {
    "transaction" : "Delete Booking",
    "sampleCount" : 400,
    "errorCount" : 0,
    "errorPct" : 0.0,
    "meanResTime" : 284.12,
    "medianResTime" : 283.0,
    "minResTime" : 271.0,
    "maxResTime" : 317.0,
    "pct1ResTime" : 296.0,
    "pct2ResTime" : 299.95,
    "pct3ResTime" : 310.99,
    "throughput" : 41.67100739660381,
    "receivedKBytesPerSec" : 30.47965608396708,
    "sentKBytesPerSec" : 11.435110428169601
  },
  "Total" : {
    "transaction" : "Total",
    "sampleCount" : 2800,
    "errorCount" : 0,
    "errorPct" : 0.0,
    "meanResTime" : 410.7560714285712,
    "medianResTime" : 284.0,
    "minResTime" : 269.0,
    "maxResTime" : 2150.0,
    "pct1ResTime" : 1111.9,
    "pct2ResTime" : 1140.0,
    "pct3ResTime" : 1262.7499999999945,
    "throughput" : 221.34387351778656,
    "receivedKBytesPerSec" : 188.93033596837944,
    "sentKBytesPerSec" : 66.97751976284584
  },
  "Create Token for Authentication" : {
    "transaction" : "Create Token for Authentication",
    "sampleCount" : 400,
    "errorCount" : 0,
    "errorPct" : 0.0,
    "meanResTime" : 1163.3925000000008,
    "medianResTime" : 1125.0,
    "minResTime" : 1083.0,
    "maxResTime" : 2150.0,
    "pct1ResTime" : 1213.9,
    "pct2ResTime" : 1464.7499999999998,
    "pct3ResTime" : 1818.020000000001,
    "throughput" : 36.62332906061161,
    "receivedKBytesPerSec" : 27.563704564182384,
    "sentKBytesPerSec" : 8.94124244643838
  },
  "Create Booking" : {
    "transaction" : "Create Booking",
    "sampleCount" : 400,
    "errorCount" : 0,
    "errorPct" : 0.0,
    "meanResTime" : 285.0800000000001,
    "medianResTime" : 281.0,
    "minResTime" : 269.0,
    "maxResTime" : 687.0,
    "pct1ResTime" : 299.0,
    "pct2ResTime" : 303.0,
    "pct3ResTime" : 335.7700000000002,
    "throughput" : 41.95070791819612,
    "receivedKBytesPerSec" : 38.582770713162034,
    "sentKBytesPerSec" : 19.04988201363398
  },
  "GET Booking" : {
    "transaction" : "GET Booking",
    "sampleCount" : 400,
    "errorCount" : 0,
    "errorPct" : 0.0,
    "meanResTime" : 286.42250000000007,
    "medianResTime" : 282.0,
    "minResTime" : 270.0,
    "maxResTime" : 657.0,
    "pct1ResTime" : 298.90000000000003,
    "pct2ResTime" : 305.0,
    "pct3ResTime" : 343.83000000000015,
    "throughput" : 41.93311667889716,
    "receivedKBytesPerSec" : 37.39213688541776,
    "sentKBytesPerSec" : 6.879651955131566
  },
  "GET Booking After Upadting" : {
    "transaction" : "GET Booking After Upadting",
    "sampleCount" : 400,
    "errorCount" : 0,
    "errorPct" : 0.0,
    "meanResTime" : 283.25250000000017,
    "medianResTime" : 282.0,
    "minResTime" : 270.0,
    "maxResTime" : 319.0,
    "pct1ResTime" : 296.0,
    "pct2ResTime" : 300.0,
    "pct3ResTime" : 306.99,
    "throughput" : 41.801651165221024,
    "receivedKBytesPerSec" : 37.30593256871146,
    "sentKBytesPerSec" : 6.327398369735604
  },
  "Partial Upadate Booking" : {
    "transaction" : "Partial Upadate Booking",
    "sampleCount" : 400,
    "errorCount" : 0,
    "errorPct" : 0.0,
    "meanResTime" : 285.2049999999999,
    "medianResTime" : 283.0,
    "minResTime" : 271.0,
    "maxResTime" : 605.0,
    "pct1ResTime" : 297.0,
    "pct2ResTime" : 301.95,
    "pct3ResTime" : 311.0,
    "throughput" : 41.731872717788214,
    "receivedKBytesPerSec" : 37.331279342723,
    "sentKBytesPerSec" : 13.57100938967136
  }
}