{
  "Update Booking" : {
    "transaction" : "Update Booking",
    "sampleCount" : 1000,
    "errorCount" : 0,
    "errorPct" : 0.0,
    "meanResTime" : 708.7640000000006,
    "medianResTime" : 743.0,
    "minResTime" : 273.0,
    "maxResTime" : 1362.0,
    "pct1ResTime" : 1009.9,
    "pct2ResTime" : 1047.9499999999998,
    "pct3ResTime" : 1076.99,
    "throughput" : 85.59445347941454,
    "receivedKBytesPerSec" : 76.32718212359839,
    "sentKBytesPerSec" : 43.21516840708722
  },
  "Delete Booking" : {
    "transaction" : "Delete Booking",
    "sampleCount" : 1000,
    "errorCount" : 0,
    "errorPct" : 0.0,
    "meanResTime" : 1149.6600000000005,
    "medianResTime" : 1167.0,
    "minResTime" : 285.0,
    "maxResTime" : 2115.0,
    "pct1ResTime" : 1703.8,
    "pct2ResTime" : 1779.0,
    "pct3ResTime" : 1820.99,
    "throughput" : 78.38219156607619,
    "receivedKBytesPerSec" : 57.195423949678634,
    "sentKBytesPerSec" : 21.509175615300204
  },
  "Total" : {
    "transaction" : "Total",
    "sampleCount" : 7000,
    "errorCount" : 0,
    "errorPct" : 0.0,
    "meanResTime" : 900.2335714285722,
    "medianResTime" : 868.0,
    "minResTime" : 271.0,
    "maxResTime" : 3088.0,
    "pct1ResTime" : 1317.9000000000005,
    "pct2ResTime" : 1672.9499999999998,
    "pct3ResTime" : 1819.0,
    "throughput" : 436.40897755610973,
    "receivedKBytesPerSec" : 372.0503428927681,
    "sentKBytesPerSec" : 132.05511611596012
  },
  "Create Token for Authentication" : {
    "transaction" : "Create Token for Authentication",
    "sampleCount" : 1000,
    "errorCount" : 0,
    "errorPct" : 0.0,
    "meanResTime" : 1184.1210000000003,
    "medianResTime" : 1116.0,
    "minResTime" : 1081.0,
    "maxResTime" : 3088.0,
    "pct1ResTime" : 1192.1999999999998,
    "pct2ResTime" : 1600.4499999999994,
    "pct3ResTime" : 2493.940000000002,
    "throughput" : 87.71929824561403,
    "receivedKBytesPerSec" : 65.90186403508771,
    "sentKBytesPerSec" : 21.415844298245613
  },
  "Create Booking" : {
    "transaction" : "Create Booking",
    "sampleCount" : 1000,
    "errorCount" : 0,
    "errorPct" : 0.0,
    "meanResTime" : 643.5870000000007,
    "medianResTime" : 634.5,
    "minResTime" : 271.0,
    "maxResTime" : 1098.0,
    "pct1ResTime" : 1004.9,
    "pct2ResTime" : 1050.0,
    "pct3ResTime" : 1073.0,
    "throughput" : 94.41087613293053,
    "receivedKBytesPerSec" : 86.71749610555136,
    "sentKBytesPerSec" : 42.8721263689577
  },
  "GET Booking" : {
    "transaction" : "GET Booking",
    "sampleCount" : 1000,
    "errorCount" : 0,
    "errorPct" : 0.0,
    "meanResTime" : 683.9769999999995,
    "medianResTime" : 673.5,
    "minResTime" : 273.0,
    "maxResTime" : 1720.0,
    "pct1ResTime" : 1020.0,
    "pct2ResTime" : 1060.0,
    "pct3ResTime" : 1082.98,
    "throughput" : 89.26180487369454,
    "receivedKBytesPerSec" : 79.52041305900205,
    "sentKBytesPerSec" : 14.644514862090512
  },
  "GET Booking After Upadting" : {
    "transaction" : "GET Booking After Upadting",
    "sampleCount" : 1000,
    "errorCount" : 0,
    "errorPct" : 0.0,
    "meanResTime" : 724.9519999999997,
    "medianResTime" : 751.5,
    "minResTime" : 273.0,
    "maxResTime" : 1356.0,
    "pct1ResTime" : 1010.0,
    "pct2ResTime" : 1049.9499999999998,
    "pct3ResTime" : 1071.0,
    "throughput" : 82.50144377526607,
    "receivedKBytesPerSec" : 73.58129743833017,
    "sentKBytesPerSec" : 12.488011508951406
  },
  "Partial Upadate Booking" : {
    "transaction" : "Partial Upadate Booking",
    "sampleCount" : 1000,
    "errorCount" : 0,
    "errorPct" : 0.0,
    "meanResTime" : 1206.5739999999985,
    "medianResTime" : 1191.0,
    "minResTime" : 354.0,
    "maxResTime" : 2374.0,
    "pct1ResTime" : 1759.8,
    "pct2ResTime" : 1789.0,
    "pct3ResTime" : 1826.0,
    "throughput" : 77.96055196070787,
    "receivedKBytesPerSec" : 69.67480704763389,
    "sentKBytesPerSec" : 25.35240605753489
  }
}