{
  "Update Booking" : {
    "transaction" : "Update Booking",
    "sampleCount" : 800,
    "errorCount" : 0,
    "errorPct" : 0.0,
    "meanResTime" : 279.3824999999999,
    "medianResTime" : 278.0,
    "minResTime" : 270.0,
    "maxResTime" : 885.0,
    "pct1ResTime" : 285.0,
    "pct2ResTime" : 289.0,
    "pct3ResTime" : 295.99,
    "throughput" : 78.74790825868688,
    "receivedKBytesPerSec" : 70.36017939757849,
    "sentKBytesPerSec" : 39.75846540013781
  },
  "Delete Booking" : {
    "transaction" : "Delete Booking",
    "sampleCount" : 800,
    "errorCount" : 0,
    "errorPct" : 0.0,
    "meanResTime" : 278.4037500000001,
    "medianResTime" : 278.0,
    "minResTime" : 270.0,
    "maxResTime" : 306.0,
    "pct1ResTime" : 284.9,
    "pct2ResTime" : 286.0,
    "pct3ResTime" : 290.99,
    "throughput" : 78.72466049990159,
    "receivedKBytesPerSec" : 57.771907596929736,
    "sentKBytesPerSec" : 21.603153906711274
  },
  "Total" : {
    "transaction" : "Total",
    "sampleCount" : 5600,
    "errorCount" : 0,
    "errorPct" : 0.0,
    "meanResTime" : 401.9803571428569,
    "medianResTime" : 279.0,
    "minResTime" : 269.0,
    "maxResTime" : 2110.0,
    "pct1ResTime" : 1099.0,
    "pct2ResTime" : 1119.0,
    "pct3ResTime" : 1195.9599999999991,
    "throughput" : 421.46458944833296,
    "receivedKBytesPerSec" : 360.4724660382328,
    "sentKBytesPerSec" : 127.53302099796792
  },
  "Create Token for Authentication" : {
    "transaction" : "Create Token for Authentication",
    "sampleCount" : 800,
    "errorCount" : 0,
    "errorPct" : 0.0,
    "meanResTime" : 1139.2549999999994,
    "medianResTime" : 1111.0,
    "minResTime" : 1078.0,
    "maxResTime" : 2110.0,
    "pct1ResTime" : 1150.9,
    "pct2ResTime" : 1399.299999999999,
    "pct3ResTime" : 1679.99,
    "throughput" : 71.05426769695356,
    "receivedKBytesPerSec" : 53.64909461319833,
    "sentKBytesPerSec" : 17.34723332445155
  },
  "Create Booking" : {
    "transaction" : "Create Booking",
    "sampleCount" : 800,
    "errorCount" : 0,
    "errorPct" : 0.0,
    "meanResTime" : 279.8550000000001,
    "medianResTime" : 277.0,
    "minResTime" : 270.0,
    "maxResTime" : 323.0,
    "pct1ResTime" : 287.0,
    "pct2ResTime" : 305.0,
    "pct3ResTime" : 321.0,
    "throughput" : 81.78286648947046,
    "receivedKBytesPerSec" : 75.39797267941117,
    "sentKBytesPerSec" : 37.137727458597425
  },
  "GET Booking" : {
    "transaction" : "GET Booking",
    "sampleCount" : 800,
    "errorCount" : 0,
    "errorPct" : 0.0,
    "meanResTime" : 279.50125000000037,
    "medianResTime" : 278.0,
    "minResTime" : 269.0,
    "maxResTime" : 340.0,
    "pct1ResTime" : 285.0,
    "pct2ResTime" : 290.0,
    "pct3ResTime" : 332.99,
    "throughput" : 81.49959250203749,
    "receivedKBytesPerSec" : 72.83230185411573,
    "sentKBytesPerSec" : 13.371026894865524
  },
  "GET Booking After Upadting" : {
    "transaction" : "GET Booking After Upadting",
    "sampleCount" : 800,
    "errorCount" : 0,
    "errorPct" : 0.0,
    "meanResTime" : 278.3075000000002,
    "medianResTime" : 278.0,
    "minResTime" : 269.0,
    "maxResTime" : 317.0,
    "pct1ResTime" : 284.0,
    "pct2ResTime" : 287.0,
    "pct3ResTime" : 301.99,
    "throughput" : 78.75566056310298,
    "receivedKBytesPerSec" : 70.36787507383343,
    "sentKBytesPerSec" : 11.921022839141564
  },
  "Partial Upadate Booking" : {
    "transaction" : "Partial Upadate Booking",
    "sampleCount" : 800,
    "errorCount" : 0,
    "errorPct" : 0.0,
    "meanResTime" : 279.15750000000014,
    "medianResTime" : 278.0,
    "minResTime" : 270.0,
    "maxResTime" : 303.0,
    "pct1ResTime" : 286.0,
    "pct2ResTime" : 289.0,
    "pct3ResTime" : 295.99,
    "throughput" : 78.74015748031496,
    "receivedKBytesPerSec" : 70.51511749507874,
    "sentKBytesPerSec" : 25.605930118110237
  }
}