{
  "Update Booking" : {
    "transaction" : "Update Booking",
    "sampleCount" : 300,
    "errorCount" : 0,
    "errorPct" : 0.0,
    "meanResTime" : 276.52666666666664,
    "medianResTime" : 276.0,
    "minResTime" : 270.0,
    "maxResTime" : 293.0,
    "pct1ResTime" : 282.0,
    "pct2ResTime" : 284.0,
    "pct3ResTime" : 289.99,
    "throughput" : 31.71917953055614,
    "receivedKBytesPerSec" : 28.253198350602663,
    "sentKBytesPerSec" : 16.014468571579616
  },
  "Delete Booking" : {
    "transaction" : "Delete Booking",
    "sampleCount" : 300,
    "errorCount" : 0,
    "errorPct" : 0.0,
    "meanResTime" : 276.6433333333333,
    "medianResTime" : 276.0,
    "minResTime" : 269.0,
    "maxResTime" : 290.0,
    "pct1ResTime" : 282.0,
    "pct2ResTime" : 283.95,
    "pct3ResTime" : 286.99,
    "throughput" : 31.685678073510775,
    "receivedKBytesPerSec" : 23.11858034959865,
    "sentKBytesPerSec" : 8.694995643219265
  },
  "Total" : {
    "transaction" : "Total",
    "sampleCount" : 2100,
    "errorCount" : 0,
    "errorPct" : 0.0,
    "meanResTime" : 397.5833333333331,
    "medianResTime" : 277.0,
    "minResTime" : 269.0,
    "maxResTime" : 1554.0,
    "pct1ResTime" : 1097.0,
    "pct2ResTime" : 1113.0,
    "pct3ResTime" : 1147.9899999999998,
    "throughput" : 168.8645866838212,
    "receivedKBytesPerSec" : 143.9168542939852,
    "sentKBytesPerSec" : 51.09755699179801
  },
  "Create Token for Authentication" : {
    "transaction" : "Create Token for Authentication",
    "sampleCount" : 300,
    "errorCount" : 0,
    "errorPct" : 0.0,
    "meanResTime" : 1123.8200000000006,
    "medianResTime" : 1106.0,
    "minResTime" : 1078.0,
    "maxResTime" : 1554.0,
    "pct1ResTime" : 1135.0,
    "pct2ResTime" : 1257.2999999999997,
    "pct3ResTime" : 1554.0,
    "throughput" : 27.80609880433775,
    "receivedKBytesPerSec" : 20.911779358605987,
    "sentKBytesPerSec" : 6.788598340902771
  },
  "Create Booking" : {
    "transaction" : "Create Booking",
    "sampleCount" : 300,
    "errorCount" : 0,
    "errorPct" : 0.0,
    "meanResTime" : 276.5533333333331,
    "medianResTime" : 276.0,
    "minResTime" : 269.0,
    "maxResTime" : 291.0,
    "pct1ResTime" : 282.0,
    "pct2ResTime" : 284.95,
    "pct3ResTime" : 288.0,
    "throughput" : 31.739314430808296,
    "receivedKBytesPerSec" : 29.174546392297927,
    "sentKBytesPerSec" : 14.412872275708844
  },
  "GET Booking" : {
    "transaction" : "GET Booking",
    "sampleCount" : 300,
    "errorCount" : 0,
    "errorPct" : 0.0,
    "meanResTime" : 276.4333333333332,
    "medianResTime" : 276.0,
    "minResTime" : 269.0,
    "maxResTime" : 289.0,
    "pct1ResTime" : 281.90000000000003,
    "pct2ResTime" : 284.95,
    "pct3ResTime" : 289.0,
    "throughput" : 31.732599957689864,
    "receivedKBytesPerSec" : 28.27135008990903,
    "sentKBytesPerSec" : 5.206129680558494
  },
  "GET Booking After Upadting" : {
    "transaction" : "GET Booking After Upadting",
    "sampleCount" : 300,
    "errorCount" : 0,
    "errorPct" : 0.0,
    "meanResTime" : 276.1333333333335,
    "medianResTime" : 276.0,
    "minResTime" : 269.0,
    "maxResTime" : 290.0,
    "pct1ResTime" : 281.0,
    "pct2ResTime" : 283.95,
    "pct3ResTime" : 286.0,
    "throughput" : 31.71582619727244,
    "receivedKBytesPerSec" : 28.24855957289354,
    "sentKBytesPerSec" : 4.800735410719949
  },
  "Partial Upadate Booking" : {
    "transaction" : "Partial Upadate Booking",
    "sampleCount" : 300,
    "errorCount" : 0,
    "errorPct" : 0.0,
    "meanResTime" : 276.9733333333334,
    "medianResTime" : 277.0,
    "minResTime" : 269.0,
    "maxResTime" : 290.0,
    "pct1ResTime" : 282.0,
    "pct2ResTime" : 285.0,
    "pct3ResTime" : 288.0,
    "throughput" : 31.69907016060862,
    "receivedKBytesPerSec" : 28.295547601437022,
    "sentKBytesPerSec" : 10.308389026838546
  }
}